{
  "timestamp": 1778569300.776909,
  "quality_signal": 0.5662361819046646,
  "coupling_score": 0.06802120141342756,
  "cycle_count": 0,
  "god_file_count": 2,
  "hotspot_count": 0,
  "complex_fn_count": 50,
  "max_depth": 18,
  "total_import_edges": 1132,
  "cross_module_edges": 535
}
