{
  "timestamp": 1784539218.608508,
  "quality_signal": 0.5778091345775828,
  "coupling_score": 0.056589147286821705,
  "cycle_count": 0,
  "god_file_count": 3,
  "hotspot_count": 0,
  "complex_fn_count": 50,
  "max_depth": 16,
  "total_import_edges": 1290,
  "cross_module_edges": 663
}
