{
  "timestamp": 1778303563.699659,
  "quality_signal": 0.5660130901062916,
  "coupling_score": 0.06814159292035399,
  "cycle_count": 0,
  "god_file_count": 2,
  "hotspot_count": 0,
  "complex_fn_count": 50,
  "max_depth": 18,
  "total_import_edges": 1130,
  "cross_module_edges": 533
}
