{
  "timestamp": 1781967281.15806,
  "quality_signal": 0.5655107650122317,
  "coupling_score": 0.06808510638297872,
  "cycle_count": 0,
  "god_file_count": 2,
  "hotspot_count": 0,
  "complex_fn_count": 51,
  "max_depth": 18,
  "total_import_edges": 1175,
  "cross_module_edges": 565
}
