{
  "timestamp": 1780201995.123142,
  "quality_signal": 0.5666039682524303,
  "coupling_score": 0.060922541340295906,
  "cycle_count": 0,
  "god_file_count": 2,
  "hotspot_count": 0,
  "complex_fn_count": 50,
  "max_depth": 18,
  "total_import_edges": 1149,
  "cross_module_edges": 546
}
