{
  "timestamp": 1779342218.548553,
  "quality_signal": 0.5659906745221883,
  "coupling_score": 0.06796116504854369,
  "cycle_count": 0,
  "god_file_count": 2,
  "hotspot_count": 0,
  "complex_fn_count": 50,
  "max_depth": 18,
  "total_import_edges": 1133,
  "cross_module_edges": 537
}
